-- MariaDB dump 10.19-11.3.2-MariaDB, for Win64 (AMD64)
--
-- Host: localhost    Database: eduprep
-- ------------------------------------------------------
-- Server version	11.3.2-MariaDB

/*!40101 SET @OLD_CHARACTER_SET_CLIENT=@@CHARACTER_SET_CLIENT */;
/*!40101 SET @OLD_CHARACTER_SET_RESULTS=@@CHARACTER_SET_RESULTS */;
/*!40101 SET @OLD_COLLATION_CONNECTION=@@COLLATION_CONNECTION */;
/*!40101 SET NAMES utf8mb4 */;
/*!40103 SET @OLD_TIME_ZONE=@@TIME_ZONE */;
/*!40103 SET TIME_ZONE='+00:00' */;
/*!40014 SET @OLD_UNIQUE_CHECKS=@@UNIQUE_CHECKS, UNIQUE_CHECKS=0 */;
/*!40014 SET @OLD_FOREIGN_KEY_CHECKS=@@FOREIGN_KEY_CHECKS, FOREIGN_KEY_CHECKS=0 */;
/*!40101 SET @OLD_SQL_MODE=@@SQL_MODE, SQL_MODE='NO_AUTO_VALUE_ON_ZERO' */;
/*!40111 SET @OLD_SQL_NOTES=@@SQL_NOTES, SQL_NOTES=0 */;

--
-- Table structure for table `course`
--

DROP TABLE IF EXISTS `course`;
/*!40101 SET @saved_cs_client     = @@character_set_client */;
/*!40101 SET character_set_client = utf8 */;
CREATE TABLE `course` (
  `course_id` int(11) NOT NULL AUTO_INCREMENT,
  `difficult` int(11) DEFAULT NULL,
  `is_workshop` bit(1) NOT NULL,
  `name` varchar(255) DEFAULT NULL,
  `textintroduction` varchar(255) DEFAULT NULL,
  `timedurationmonth` int(11) DEFAULT NULL,
  PRIMARY KEY (`course_id`)
) ENGINE=InnoDB AUTO_INCREMENT=41 DEFAULT CHARSET=latin1 COLLATE=latin1_swedish_ci;
/*!40101 SET character_set_client = @saved_cs_client */;

--
-- Dumping data for table `course`
--

LOCK TABLES `course` WRITE;
/*!40000 ALTER TABLE `course` DISABLE KEYS */;
INSERT INTO `course` VALUES
(1,15,'\0','Programming Basics','Welcome to the basics of programming, where you will learn foundational concepts.',9),
(2,25,'\0','Web Development 101','Explore the principles of web development and create your first website.',1),
(3,45,'\0','Data Science Fundamentals','Dive into data science and learn how to analyze data effectively.',2),
(4,75,'\0','Advanced Machine Learning','An advanced course in machine learning covering algorithms and applications.',6),
(5,60,'\0','Project Management Essentials','Master the art of project management with practical tools and strategies.',12),
(6,30,'\0','Mobile App Development','Get started with mobile app development and create your first app.',3),
(7,50,'\0','UX/UI Design Principles','Learn the principles of UX/UI design to create engaging user experiences.',5),
(8,40,'\0','Cloud Computing Basics','Understand the fundamentals of cloud computing and its services.',10),
(9,55,'\0','Cybersecurity Essentials','A course focused on the principles of cybersecurity and best practices.',8),
(10,20,'\0','Database Management','Learn how to manage databases and ensure data integrity.',2),
(11,70,'\0','AI and Machine Learning','Introduction to artificial intelligence and its various applications.',11),
(12,35,'\0','Software Testing Techniques','Develop skills in software testing and quality assurance.',9),
(13,25,'\0','Game Development Basics','An introduction to game development and design principles.',2),
(14,30,'\0','Digital Marketing 101','Get acquainted with digital marketing strategies and tools.',1),
(15,50,'\0','Entrepreneurship Essentials','Explore the fundamentals of entrepreneurship and business development.',5),
(16,65,'\0','Network Security Fundamentals','Learn about the principles of network security and data protection.',12),
(17,10,'\0','Agile Methodologies Overview','A comprehensive guide to agile methodologies and practices.',4),
(18,15,'\0','Financial Analysis Basics','Understand the basics of financial analysis and investment strategies.',7),
(19,85,'\0','Robotics and Automation','Dive deep into the world of robotics and automation.',3),
(20,75,'\0','Ethical Hacking 101','An introduction to the principles of ethical hacking and penetration testing.',8),
(21,30,'','JavaScript Frameworks Workshop','Learn to create interactive web applications using JavaScript frameworks.',2),
(22,45,'','Advanced Data Visualization Workshop','Explore advanced topics in data visualization using modern tools.',3),
(23,60,'','DevOps Practices Workshop','Get hands-on experience with DevOps practices and tools.',4),
(24,20,'','RESTful APIs Workshop','Discover how to build and deploy RESTful APIs using various technologies.',1),
(25,35,'','Social Media Content Creation Workshop','A practical workshop on how to create engaging content for social media.',2),
(26,25,'','Chatbot Development Workshop','Learn how to develop chatbots and conversational interfaces.',1),
(27,40,'','Machine Learning with Python Workshop','Get hands-on with machine learning using Python and its libraries.',2),
(28,50,'','Agile Project Management Workshop','Explore effective project management using Agile techniques.',3),
(29,60,'','Game Design with Unity Workshop','Learn the fundamentals of game design and development using Unity.',2),
(30,30,'','Blockchain Basics Workshop','A hands-on introduction to blockchain technology and its applications.',1),
(31,70,'','Ethical Hacking Techniques Workshop','Dive into ethical hacking techniques and tools in this practical workshop.',2),
(32,55,'','E-Learning Module Development Workshop','Learn how to create effective e-learning modules for online education.',3),
(33,45,'','Mobile Game Development Workshop','An introduction to mobile game development using popular frameworks.',1),
(34,40,'','Graphic Design Basics Workshop','Explore the fundamentals of graphic design and visual communication.',2),
(35,30,'','Data Analysis with R Workshop','Get hands-on experience with data analysis and statistics using R.',1),
(36,35,'','SEO Optimization Workshop','Discover the principles of SEO and how to optimize websites effectively.',3),
(37,50,'','Online Advertising Workshop','Learn how to create and manage online advertisements effectively.',2),
(38,65,'','Natural Language Processing Workshop','An introduction to natural language processing and its applications.',2),
(39,50,'','User Research and Usability Workshop','Explore the principles of user research and usability testing.',1),
(40,75,'','Data Engineering Workshop','Get hands-on with data engineering practices and workflows.',3);
/*!40000 ALTER TABLE `course` ENABLE KEYS */;
UNLOCK TABLES;

--
-- Table structure for table `student_course_grade`
--

DROP TABLE IF EXISTS `student_course_grade`;
/*!40101 SET @saved_cs_client     = @@character_set_client */;
/*!40101 SET character_set_client = utf8 */;
CREATE TABLE `student_course_grade` (
  `course_id` int(11) NOT NULL,
  `student_id` int(11) NOT NULL,
  `grade` float NOT NULL,
  PRIMARY KEY (`course_id`,`student_id`),
  KEY `FKku5o8n56e85tv94myqxbvlpe1` (`student_id`),
  CONSTRAINT `FKaboo7psgtlbe2uldpowsot86x` FOREIGN KEY (`course_id`) REFERENCES `course` (`course_id`),
  CONSTRAINT `FKku5o8n56e85tv94myqxbvlpe1` FOREIGN KEY (`student_id`) REFERENCES `user` (`student_id`)
) ENGINE=InnoDB DEFAULT CHARSET=latin1 COLLATE=latin1_swedish_ci;
/*!40101 SET character_set_client = @saved_cs_client */;

--
-- Dumping data for table `student_course_grade`
--

LOCK TABLES `student_course_grade` WRITE;
/*!40000 ALTER TABLE `student_course_grade` DISABLE KEYS */;
INSERT INTO `student_course_grade` VALUES
(1,1,88),
(1,2,45),
(1,3,56),
(1,4,70),
(1,5,88),
(1,6,46),
(1,7,69),
(1,8,35),
(1,9,76),
(1,10,54),
(1,11,49),
(1,12,39),
(1,13,58),
(1,14,73),
(1,15,22),
(1,16,66),
(1,17,19),
(1,18,47),
(1,19,88),
(1,20,90),
(1,21,38),
(1,22,47),
(1,23,76),
(1,24,11),
(1,25,29),
(1,26,82),
(1,27,44),
(1,28,11),
(1,29,23),
(1,30,80),
(1,31,41),
(1,32,59),
(1,33,11),
(1,34,23),
(1,35,16),
(1,36,87),
(1,37,73),
(1,38,79),
(1,39,87),
(1,40,90),
(1,41,36),
(1,42,94),
(1,43,55),
(1,44,69),
(1,45,25),
(1,46,88),
(1,47,52),
(1,48,49),
(1,49,21),
(1,50,72),
(1,51,82),
(1,52,41),
(1,53,63),
(1,54,25),
(1,55,91),
(1,56,50),
(1,57,92),
(1,58,77),
(1,59,38),
(1,60,94),
(2,1,54),
(2,2,91),
(2,3,74),
(2,4,80),
(2,5,55),
(2,6,90),
(2,7,92),
(2,8,64),
(2,9,89),
(2,10,83),
(2,11,81),
(2,12,95),
(2,13,42),
(2,14,56),
(2,15,79),
(2,16,88),
(2,17,75),
(2,18,90),
(2,19,62),
(2,20,56),
(2,21,62),
(2,22,53),
(2,23,82),
(2,24,61),
(2,25,49),
(2,26,90),
(2,27,99),
(2,28,45),
(2,29,80),
(2,30,61),
(2,31,33),
(2,32,60),
(2,33,48),
(2,34,29),
(2,35,22),
(2,36,80),
(2,37,55),
(2,38,36),
(2,39,11),
(2,40,38),
(2,41,51),
(2,42,14),
(2,43,49),
(2,44,91),
(2,45,49),
(2,46,67),
(2,47,85),
(2,48,56),
(2,49,60),
(2,50,41),
(2,51,94),
(2,52,19),
(2,53,83),
(2,54,36),
(2,55,73),
(2,56,11),
(2,57,21),
(2,58,29),
(2,59,23),
(2,60,77),
(3,1,32),
(3,2,79),
(3,3,33),
(3,4,90),
(3,5,34),
(3,6,76),
(3,7,55),
(3,8,70),
(3,9,72),
(3,10,72),
(3,11,58),
(3,12,72),
(3,13,74),
(3,14,19),
(3,15,85),
(3,16,24),
(3,17,28),
(3,18,66),
(3,19,91),
(3,20,34),
(3,21,44),
(3,22,92),
(3,23,29),
(3,24,44),
(3,25,91),
(3,26,33),
(3,27,56),
(3,28,66),
(3,29,55),
(3,30,90),
(3,31,21),
(3,32,79),
(3,33,69),
(3,34,71),
(3,35,31),
(3,36,94),
(3,37,62),
(3,38,77),
(3,39,72),
(3,40,20),
(3,41,81),
(3,42,47),
(3,43,85),
(3,44,20),
(3,45,82),
(3,46,76),
(3,47,62),
(3,48,91),
(3,49,84),
(3,50,53),
(3,51,36),
(3,52,38),
(3,53,46),
(3,54,88),
(3,55,52),
(3,56,84),
(3,57,77),
(3,58,67),
(3,59,62),
(3,60,51),
(4,1,81),
(4,2,58),
(4,3,91),
(4,4,75),
(4,5,82),
(4,6,58),
(4,7,78),
(4,8,93),
(4,9,59),
(4,10,39),
(4,11,77),
(4,12,30),
(4,13,68),
(4,14,86),
(4,15,66),
(4,16,73),
(4,17,55),
(4,18,84),
(4,19,73),
(4,20,76),
(4,21,88),
(4,22,18),
(4,23,90),
(4,24,77),
(4,25,34),
(4,26,18),
(4,27,67),
(4,28,82),
(4,29,71),
(4,30,66),
(4,31,49),
(4,32,32),
(4,33,94),
(4,34,77),
(4,35,96),
(4,36,34),
(4,37,85),
(4,38,95),
(4,39,22),
(4,40,23),
(4,41,98),
(4,42,75),
(4,43,52),
(4,44,72),
(4,45,29),
(4,46,93),
(4,47,17),
(4,48,27),
(4,49,33),
(4,50,38),
(4,51,24),
(4,52,54),
(4,53,39),
(4,54,83),
(4,55,83),
(4,56,59),
(4,57,90),
(4,58,93),
(4,59,17),
(4,60,68),
(5,1,76),
(5,2,82),
(5,3,48),
(5,4,95),
(5,5,78),
(5,6,88),
(5,7,44),
(5,8,82),
(5,9,45),
(5,10,99),
(5,11,32),
(5,12,64),
(5,13,91),
(5,14,40),
(5,15,49),
(5,16,55),
(5,17,60),
(5,18,19),
(5,19,29),
(5,20,51),
(5,21,60),
(5,22,88),
(5,23,47),
(5,24,21),
(5,25,65),
(5,26,85),
(5,27,28),
(5,28,93),
(5,29,40),
(5,30,23),
(5,31,63),
(5,32,53),
(5,33,55),
(5,34,62),
(5,35,77),
(5,36,19),
(5,37,52),
(5,38,99),
(5,39,91),
(5,40,51),
(5,41,19),
(5,42,18),
(5,43,60),
(5,44,99),
(5,45,74),
(5,46,61),
(5,47,92),
(5,48,25),
(5,49,74),
(5,50,99),
(5,51,79),
(5,52,69),
(5,53,70),
(5,54,44),
(5,55,54),
(5,56,74),
(5,57,68),
(5,58,73),
(5,59,73),
(5,60,81),
(6,1,23),
(6,2,70),
(6,3,82),
(6,4,85),
(6,5,27),
(6,6,61),
(6,7,30),
(6,8,90),
(6,9,61),
(6,10,64),
(6,11,66),
(6,12,83),
(6,13,11),
(6,14,95),
(6,15,90),
(6,16,60),
(6,17,80),
(6,18,33),
(6,19,78),
(6,20,85),
(6,21,95),
(6,22,22),
(6,23,22),
(6,24,33),
(6,25,61),
(6,26,54),
(6,27,54),
(6,28,28),
(6,29,15),
(6,30,85),
(6,31,76),
(6,32,43),
(6,33,14),
(6,34,72),
(6,35,44),
(6,36,85),
(6,37,34),
(6,38,27),
(6,39,54),
(6,40,97),
(6,41,23),
(6,42,86),
(6,43,81),
(6,44,14),
(6,45,46),
(6,46,71),
(6,47,45),
(6,48,35),
(6,49,88),
(6,50,21),
(6,51,15),
(6,52,84),
(6,53,53),
(6,54,60),
(6,55,39),
(6,56,64),
(6,57,50),
(6,58,38),
(6,59,99),
(6,60,48),
(7,1,92),
(7,2,37),
(7,3,29),
(7,4,60),
(7,5,91),
(7,6,39),
(7,7,95),
(7,8,31),
(7,9,30),
(7,10,47),
(7,11,44),
(7,12,41),
(7,13,36),
(7,14,48),
(7,15,41),
(7,16,94),
(7,17,42),
(7,18,74),
(7,19,64),
(7,20,60),
(7,21,23),
(7,22,31),
(7,23,12),
(7,24,66),
(7,25,27),
(7,26,61),
(7,27,66),
(7,28,90),
(7,29,91),
(7,30,79),
(7,31,94),
(7,32,22),
(7,33,88),
(7,34,15),
(7,35,45),
(7,36,20),
(7,37,61),
(7,38,84),
(7,39,96),
(7,40,87),
(7,41,77),
(7,42,38),
(7,43,25),
(7,44,32),
(7,45,15),
(7,46,54),
(7,47,13),
(7,48,75),
(7,49,99),
(7,50,76),
(7,51,65),
(7,52,91),
(7,53,23),
(7,54,99),
(7,55,78),
(7,56,41),
(7,57,75),
(7,58,58),
(7,59,84),
(7,60,86),
(8,1,47),
(8,2,29),
(8,3,36),
(8,4,50),
(8,5,42),
(8,6,27),
(8,7,53),
(8,8,73),
(8,9,78),
(8,10,88),
(8,11,90),
(8,12,49),
(8,13,67),
(8,14,21),
(8,15,75),
(8,16,28),
(8,17,66),
(8,18,64),
(8,19,81),
(8,20,90),
(8,21,56),
(8,22,77),
(8,23,38),
(8,24,90),
(8,25,93),
(8,26,99),
(8,27,12),
(8,28,55),
(8,29,60),
(8,30,43),
(8,31,36),
(8,32,37),
(8,33,21),
(8,34,35),
(8,35,74),
(8,36,30),
(8,37,78),
(8,38,81),
(8,39,90),
(8,40,53),
(8,41,39),
(8,42,32),
(8,43,73),
(8,44,81),
(8,45,90),
(8,46,21),
(8,47,99),
(8,48,93),
(8,49,17),
(8,50,87),
(8,51,91),
(8,52,48),
(8,53,74),
(8,54,94),
(8,55,88),
(8,56,92),
(8,57,32),
(8,58,52),
(8,59,93),
(8,60,62),
(9,1,60),
(9,2,88),
(9,3,80),
(9,4,40),
(9,5,66),
(9,6,81),
(9,7,83),
(9,8,56),
(9,9,88),
(9,10,71),
(9,11,27),
(9,12,99),
(9,13,26),
(9,14,60),
(9,15,11),
(9,16,30),
(9,17,72),
(9,18,92),
(9,19,43),
(9,20,24),
(9,21,31),
(9,22,89),
(9,23,79),
(9,24,84),
(9,25,12),
(9,26,41),
(9,27,81),
(9,28,50),
(9,29,82),
(9,30,77),
(9,31,19),
(9,32,90),
(9,33,72),
(9,34,16),
(9,35,51),
(9,36,38),
(9,37,49),
(9,38,36),
(9,39,80),
(9,40,54),
(9,41,61),
(9,42,56),
(9,43,93),
(9,44,74),
(9,45,12),
(9,46,79),
(9,47,90),
(9,48,66),
(9,49,23),
(9,50,34),
(9,51,98),
(9,52,92),
(9,53,97),
(9,54,18),
(9,55,32),
(9,56,72),
(9,57,47),
(9,58,91),
(9,59,57),
(9,60,22),
(10,1,50),
(10,2,95),
(10,3,69),
(10,4,30),
(10,5,52),
(10,6,93),
(10,7,11),
(10,8,25),
(10,9,40),
(10,10,20),
(10,11,53),
(10,12,22),
(10,13,82),
(10,14,76),
(10,15,88),
(10,16,18),
(10,17,91),
(10,18,45),
(10,19,12),
(10,20,66),
(10,21,81),
(10,22,35),
(10,23,81),
(10,24,28),
(10,25,56),
(10,26,77),
(10,27,49),
(10,28,40),
(10,29,39),
(10,30,88),
(10,31,90),
(10,32,88),
(10,33,30),
(10,34,88),
(10,35,47),
(10,36,78),
(10,37,11),
(10,38,95),
(10,39,19),
(10,40,80),
(10,41,56),
(10,42,53),
(10,43,91),
(10,44,50),
(10,45,83),
(10,46,41),
(10,47,83),
(10,48,20),
(10,49,59),
(10,50,25),
(10,51,58),
(10,52,31),
(10,53,29),
(10,54,46),
(10,55,17),
(10,56,99),
(10,57,16),
(10,58,63),
(10,59,64),
(10,60,13),
(11,1,69),
(11,2,63),
(11,3,28),
(11,4,20),
(11,5,74),
(11,6,62),
(11,7,29),
(11,8,13),
(11,9,91),
(11,10,34),
(11,11,12),
(11,12,75),
(11,13,75),
(11,14,89),
(11,15,92),
(11,16,95),
(11,17,54),
(11,18,78),
(11,19,38),
(11,20,78),
(11,21,11),
(11,22,67),
(11,23,92),
(11,24,12),
(11,25,11),
(11,26,23),
(11,27,21),
(11,28,24),
(11,29,74),
(11,30,54),
(11,31,11),
(11,32,54),
(11,33,81),
(11,34,34),
(11,35,18),
(11,36,36),
(11,37,18),
(11,38,45),
(11,39,65),
(11,40,72),
(11,41,72),
(11,42,91),
(11,43,96),
(11,44,35),
(11,45,95),
(11,46,82),
(11,47,73),
(11,48,78),
(11,49,42),
(11,50,91),
(11,51,73),
(11,52,97),
(11,53,84),
(11,54,34),
(11,55,60),
(11,56,76),
(11,57,30),
(11,58,55),
(11,59,85),
(11,60,90),
(12,1,30),
(12,2,21),
(12,3,63),
(12,4,10),
(12,5,31),
(12,6,25),
(12,7,22),
(12,8,45),
(12,9,54),
(12,10,15),
(12,11,78),
(12,12,28),
(12,13,58),
(12,14,33),
(12,15,59),
(12,16,40),
(12,17,10),
(12,18,27),
(12,19,56),
(12,20,43),
(12,21,15),
(12,22,80),
(12,23,37),
(12,24,74),
(12,25,78),
(12,26,66),
(12,27,34),
(12,28,36),
(12,29,12),
(12,30,39),
(12,31,70),
(12,32,41),
(12,33,46),
(12,34,51),
(12,35,29),
(12,36,98),
(12,37,83),
(12,38,65),
(12,39,34),
(12,40,43),
(12,41,66),
(12,42,20),
(12,43,39),
(12,44,16),
(12,45,34),
(12,46,60),
(12,47,36),
(12,48,43),
(12,49,64),
(12,50,45),
(12,51,11),
(12,52,26),
(12,53,11),
(12,54,66),
(12,55,98),
(12,56,19),
(12,57,78),
(12,58,10),
(12,59,45),
(12,60,29),
(13,1,15),
(13,2,13),
(13,3,57),
(13,4,30),
(13,5,29),
(13,6,20),
(13,7,37),
(13,8,62),
(13,9,66),
(13,10,62),
(13,11,85),
(13,12,84),
(13,13,90),
(13,14,53),
(13,15,19),
(13,16,76),
(13,17,63),
(13,18,89),
(13,19,90),
(13,20,31),
(13,21,84),
(13,22,61),
(13,23,17),
(13,24,81),
(13,25,19),
(13,26,71),
(13,27,72),
(13,28,67),
(13,29,84),
(13,30,33),
(13,31,85),
(13,32,15),
(13,33,78),
(13,34,45),
(13,35,14),
(13,36,12),
(13,37,92),
(13,38,68),
(13,39,69),
(13,40,81),
(13,41,92),
(13,42,28),
(13,43,47),
(13,44,58),
(13,45,60),
(13,46,20),
(13,47,88),
(13,48,39),
(13,49,12),
(13,50,53),
(13,51,28),
(13,52,50),
(13,53,76),
(13,54,68),
(13,55,77),
(13,56,83),
(13,57,40),
(13,58,15),
(13,59,31),
(13,60,60),
(14,1,73),
(14,2,67),
(14,3,15),
(14,4,40),
(14,5,70),
(14,6,36),
(14,7,88),
(14,8,88),
(14,9,29),
(14,10,90),
(14,11,19),
(14,12,15),
(14,13,45),
(14,14,80),
(14,15,33),
(14,16,82),
(14,17,38),
(14,18,36),
(14,19,41),
(14,20,12),
(14,21,39),
(14,22,56),
(14,23,65),
(14,24,52),
(14,25,43),
(14,26,50),
(14,27,56),
(14,28,87),
(14,29,99),
(14,30,22),
(14,31,18),
(14,32,96),
(14,33,63),
(14,34,81),
(14,35,36),
(14,36,51),
(14,37,64),
(14,38,58),
(14,39,35),
(14,40,16),
(14,41,58),
(14,42,87),
(14,43,78),
(14,44,94),
(14,45,70),
(14,46,36),
(14,47,64),
(14,48,34),
(14,49,66),
(14,50,80),
(14,51,43),
(14,52,57),
(14,53,24),
(14,54,22),
(14,55,45),
(14,56,40),
(14,57,99),
(14,58,42),
(14,59,44),
(14,60,34),
(15,1,40),
(15,2,11),
(15,3,42),
(15,4,50),
(15,5,41),
(15,6,15),
(15,7,66),
(15,8,94),
(15,9,75),
(15,10,50),
(15,11,61),
(15,12,66),
(15,13,29),
(15,14,27),
(15,15,67),
(15,16,67),
(15,17,27),
(15,18,56),
(15,19,17),
(15,20,19),
(15,21,78),
(15,22,30),
(15,23,66),
(15,24,54),
(15,25,22),
(15,26,80),
(15,27,85),
(15,28,76),
(15,29,21),
(15,30,91),
(15,31,95),
(15,32,11),
(15,33,57),
(15,34,68),
(15,35,73),
(15,36,58),
(15,37,74),
(15,38,51),
(15,39,21),
(15,40,39),
(15,41,88),
(15,42,71),
(15,43,22),
(15,44,92),
(15,45,99),
(15,46,65),
(15,47,48),
(15,48,92),
(15,49,53),
(15,50,19),
(15,51,80),
(15,52,35),
(15,53,17),
(15,54,59),
(15,55,95),
(15,56,12),
(15,57,69),
(15,58,82),
(15,59,25),
(15,60,55),
(16,1,97),
(16,2,34),
(16,3,91),
(16,4,60),
(16,5,95),
(16,6,74),
(16,7,50),
(16,8,76),
(16,9,35),
(16,10,77),
(16,11,74),
(16,12,38),
(16,13,99),
(16,14,64),
(16,15,83),
(16,16,44),
(16,17,81),
(16,18,83),
(16,19,50),
(16,20,29),
(16,21,19),
(16,22,17),
(16,23,24),
(16,24,29),
(16,25,66),
(16,26,93),
(16,27,78),
(16,28,78),
(16,29,90),
(16,30,19),
(16,31,29),
(16,32,80),
(16,33,32),
(16,34,66),
(16,35,84),
(16,36,61),
(16,37,25),
(16,38,34),
(16,39,74),
(16,40,90),
(16,41,84),
(16,42,11),
(16,43,68),
(16,44,80),
(16,45,22),
(16,46,11),
(16,47,39),
(16,48,86),
(16,49,81),
(16,50,10),
(16,51,89),
(16,52,64),
(16,53,68),
(16,54,49),
(16,55,68),
(16,56,69),
(16,57,56),
(16,58,59),
(16,59,10),
(16,60,64),
(17,1,11),
(17,2,77),
(17,3,54),
(17,4,70),
(17,5,19),
(17,6,33),
(17,7,60),
(17,8,58),
(17,9,81),
(17,10,25),
(17,11,21),
(17,12,73),
(17,13,47),
(17,14,55),
(17,15,38),
(17,16,33),
(17,17,89),
(17,18,70),
(17,19,74),
(17,20,56),
(17,21,93),
(17,22,11),
(17,23,73),
(17,24,76),
(17,25,60),
(17,26,14),
(17,27,40),
(17,28,30),
(17,29,47),
(17,30,56),
(17,31,77),
(17,32,26),
(17,33,80),
(17,34,63),
(17,35,30),
(17,36,56),
(17,37,47),
(17,38,94),
(17,39,83),
(17,40,94),
(17,41,65),
(17,42,34),
(17,43,66),
(17,44,22),
(17,45,67),
(17,46,42),
(17,47,20),
(17,48,54),
(17,49,40),
(17,50,67),
(17,51,59),
(17,52,79),
(17,53,90),
(17,54,57),
(17,55,99),
(17,56,33),
(17,57,39),
(17,58,61),
(17,59,76),
(17,60,12),
(18,1,84),
(18,2,90),
(18,3,38),
(18,4,80),
(18,5,84),
(18,6,82),
(18,7,39),
(18,8,19),
(18,9,43),
(18,10,12),
(18,11,36),
(18,12,55),
(18,13,70),
(18,14,82),
(18,15,48),
(18,16,51),
(18,17,37),
(18,18,55),
(18,19,80),
(18,20,75),
(18,21,37),
(18,22,64),
(18,23,83),
(18,24,35),
(18,25,75),
(18,26,16),
(18,27,63),
(18,28,45),
(18,29,16),
(18,30,38),
(18,31,84),
(18,32,62),
(18,33,58),
(18,34,53),
(18,35,67),
(18,36,73),
(18,37,69),
(18,38,88),
(18,39,84),
(18,40,88),
(18,41,71),
(18,42,98),
(18,43,42),
(18,44,73),
(18,45,59),
(18,46,97),
(18,47,34),
(18,48,12),
(18,49,96),
(18,50,33),
(18,51,44),
(18,52,22),
(18,53,42),
(18,54,41),
(18,55,23),
(18,56,53),
(18,57,63),
(18,58,36),
(18,59,97),
(18,60,80),
(19,1,65),
(19,2,22),
(19,3,64),
(19,4,90),
(19,5,63),
(19,6,91),
(19,7,80),
(19,8,67),
(19,9,12),
(19,10,100),
(19,11,68),
(19,12,11),
(19,13,14),
(19,14,14),
(19,15,15),
(19,16,20),
(19,17,93),
(19,18,11),
(19,19,65),
(19,20,87),
(19,21,54),
(19,22,99),
(19,23,36),
(19,24,99),
(19,25,38),
(19,26,55),
(19,27,14),
(19,28,31),
(19,29,65),
(19,30,45),
(19,31,62),
(19,32,38),
(19,33,85),
(19,34,55),
(19,35,32),
(19,36,52),
(19,37,45),
(19,38,93),
(19,39,28),
(19,40,44),
(19,41,29),
(19,42,90),
(19,43,58),
(19,44,77),
(19,45,81),
(19,46,23),
(19,47,96),
(19,48,88),
(19,49,73),
(19,50,76),
(19,51,60),
(19,52,77),
(19,53,77),
(19,54,31),
(19,55,29),
(19,56,93),
(19,57,23),
(19,58,85),
(19,59,92),
(19,60,30),
(20,1,49),
(20,2,99),
(20,3,70),
(20,4,100),
(20,5,47),
(20,6,30),
(20,7,14),
(20,8,84),
(20,9,77),
(20,10,48),
(20,11,88),
(20,12,90),
(20,13,33),
(20,14,37),
(20,15,60),
(20,16,87),
(20,17,12),
(20,18,31),
(20,19,22),
(20,20,40),
(20,21,66),
(20,22,45),
(20,23,53),
(20,24,87),
(20,25,89),
(20,26,47),
(20,27,24),
(20,28,59),
(20,29,31),
(20,30,66),
(20,31,49),
(20,32,47),
(20,33,42),
(20,34,78),
(20,35,24),
(20,36,57),
(20,37,29),
(20,38,36),
(20,39,71),
(20,40,91),
(20,41,53),
(20,42,84),
(20,43,30),
(20,44,40),
(20,45,44),
(20,46,57),
(20,47,31),
(20,48,69),
(20,49,29),
(20,50,68),
(20,51,62),
(20,52,27),
(20,53,22),
(20,54,14),
(20,55,12),
(20,56,28),
(20,57,12),
(20,58,93),
(20,59,40),
(20,60,44);
/*!40000 ALTER TABLE `student_course_grade` ENABLE KEYS */;
UNLOCK TABLES;

--
-- Table structure for table `user`
--

DROP TABLE IF EXISTS `user`;
/*!40101 SET @saved_cs_client     = @@character_set_client */;
/*!40101 SET character_set_client = utf8 */;
CREATE TABLE `user` (
  `student_id` int(11) NOT NULL AUTO_INCREMENT,
  `email` varchar(255) DEFAULT NULL,
  `firstname` varchar(255) DEFAULT NULL,
  `id_workshop` int(11) DEFAULT NULL,
  `lastname` varchar(255) DEFAULT NULL,
  `password` varchar(255) DEFAULT NULL,
  PRIMARY KEY (`student_id`)
) ENGINE=InnoDB AUTO_INCREMENT=61 DEFAULT CHARSET=latin1 COLLATE=latin1_swedish_ci;
/*!40101 SET character_set_client = @saved_cs_client */;

--
-- Dumping data for table `user`
--

LOCK TABLES `user` WRITE;
/*!40000 ALTER TABLE `user` DISABLE KEYS */;
INSERT INTO `user` VALUES
(1,'john.doe@example.com','John',-1,'Doe','password123'),
(2,'jane.smith@example.com','Jane',-1,'Smith','password123'),
(3,'alice.johnson@example.com','Alice',-1,'Johnson','password123'),
(4,'bob.brown@example.com','Bob',-1,'Brown','password123'),
(5,'charlie.davis@example.com','Charlie',-1,'Davis','password123'),
(6,'david.wilson@example.com','David',-1,'Wilson','password123'),
(7,'emma.moore@example.com','Emma',-1,'Moore','password123'),
(8,'frank.taylor@example.com','Frank',-1,'Taylor','password123'),
(9,'grace.anderson@example.com','Grace',-1,'Anderson','password123'),
(10,'henry.thomas@example.com','Henry',-1,'Thomas','password123'),
(11,'irene.jackson@example.com','Irene',-1,'Jackson','password123'),
(12,'jack.white@example.com','Jack',-1,'White','password123'),
(13,'kathy.harris@example.com','Kathy',-1,'Harris','password123'),
(14,'liam.martin@example.com','Liam',-1,'Martin','password123'),
(15,'mia.thompson@example.com','Mia',-1,'Thompson','password123'),
(16,'noah.garcia@example.com','Noah',-1,'Garcia','password123'),
(17,'olivia.martinez@example.com','Olivia',-1,'Martinez','password123'),
(18,'paul.robinson@example.com','Paul',-1,'Robinson','password123'),
(19,'quinn.clark@example.com','Quinn',-1,'Clark','password123'),
(20,'rachel.rodriguez@example.com','Rachel',-1,'Rodriguez','password123'),
(21,'sam.lewis@example.com','Sam',-1,'Lewis','password123'),
(22,'tina.lee@example.com','Tina',-1,'Lee','password123'),
(23,'ursula.walker@example.com','Ursula',-1,'Walker','password123'),
(24,'victor.hall@example.com','Victor',-1,'Hall','password123'),
(25,'wendy.allen@example.com','Wendy',-1,'Allen','password123'),
(26,'xander.young@example.com','Xander',-1,'Young','password123'),
(27,'yara.hernandez@example.com','Yara',-1,'Hernandez','password123'),
(28,'zane.king@example.com','Zane',-1,'King','password123'),
(29,'alex.wright@example.com','Alex',-1,'Wright','password123'),
(30,'bella.scott@example.com','Bella',-1,'Scott','password123'),
(31,'chris.green@example.com','Chris',-1,'Green','password123'),
(32,'diana.adams@example.com','Diana',-1,'Adams','password123'),
(33,'ethan.nelson@example.com','Ethan',-1,'Nelson','password123'),
(34,'fiona.carter@example.com','Fiona',-1,'Carter','password123'),
(35,'gabe.mitchell@example.com','Gabe',-1,'Mitchell','password123'),
(36,'holly.perez@example.com','Holly',-1,'Perez','password123'),
(37,'ian.roberts@example.com','Ian',-1,'Roberts','password123'),
(38,'julia.turner@example.com','Julia',-1,'Turner','password123'),
(39,'kevin.phillips@example.com','Kevin',-1,'Phillips','password123'),
(40,'laura.campbell@example.com','Laura',-1,'Campbell','password123'),
(41,'mike.parker@example.com','Mike',-1,'Parker','password123'),
(42,'nina.evans@example.com','Nina',-1,'Evans','password123'),
(43,'oscar.edwards@example.com','Oscar',-1,'Edwards','password123'),
(44,'pam.collins@example.com','Pam',-1,'Collins','password123'),
(45,'quincy.stewart@example.com','Quincy',-1,'Stewart','password123'),
(46,'rita.sanchez@example.com','Rita',-1,'Sanchez','password123'),
(47,'steve.morris@example.com','Steve',-1,'Morris','password123'),
(48,'tanya.rogers@example.com','Tanya',-1,'Rogers','password123'),
(49,'ulysses.reed@example.com','Ulysses',-1,'Reed','password123'),
(50,'vera.cook@example.com','Vera',-1,'Cook','password123'),
(51,'walter.morgan@example.com','Walter',-1,'Morgan','password123'),
(52,'xena.bell@example.com','Xena',-1,'Bell','password123'),
(53,'yvette.murphy@example.com','Yvette',-1,'Murphy','password123'),
(54,'zara.bailey@example.com','Zara',-1,'Bailey','password123'),
(55,'adam.rivera@example.com','Adam',-1,'Rivera','password123'),
(56,'beth.cooper@example.com','Beth',-1,'Cooper','password123'),
(57,'carl.richardson@example.com','Carl',-1,'Richardson','password123'),
(58,'diane.cox@example.com','Diane',-1,'Cox','password123'),
(59,'elena.howard@example.com','Elena',-1,'Howard','password123'),
(60,'floyd.ward@example.com','Floyd',-1,'Ward','password123');
/*!40000 ALTER TABLE `user` ENABLE KEYS */;
UNLOCK TABLES;
/*!40103 SET TIME_ZONE=@OLD_TIME_ZONE */;

/*!40101 SET SQL_MODE=@OLD_SQL_MODE */;
/*!40014 SET FOREIGN_KEY_CHECKS=@OLD_FOREIGN_KEY_CHECKS */;
/*!40014 SET UNIQUE_CHECKS=@OLD_UNIQUE_CHECKS */;
/*!40101 SET CHARACTER_SET_CLIENT=@OLD_CHARACTER_SET_CLIENT */;
/*!40101 SET CHARACTER_SET_RESULTS=@OLD_CHARACTER_SET_RESULTS */;
/*!40101 SET COLLATION_CONNECTION=@OLD_COLLATION_CONNECTION */;
/*!40111 SET SQL_NOTES=@OLD_SQL_NOTES */;

-- Dump completed on 2024-09-30 13:07:32
